{
  "schema": 1,
  "rate": 50,
  "total_acked": 1000,
  "destinations": {
    "10.0.0.137:6379": 1000
  },
  "first_entry_t": 1779871401.2791946,
  "last_entry_t": 1779871421.3729525,
  "duration_observed_s": 20.09375786781311,
  "samples_first_5": [
    [
      "chaos:k0",
      "v0",
      1779871401.2791946,
      "10.0.0.137:6379"
    ],
    [
      "chaos:k1",
      "v1",
      1779871401.2993011,
      "10.0.0.137:6379"
    ],
    [
      "chaos:k2",
      "v2",
      1779871401.319386,
      "10.0.0.137:6379"
    ],
    [
      "chaos:k3",
      "v3",
      1779871401.339524,
      "10.0.0.137:6379"
    ],
    [
      "chaos:k4",
      "v4",
      1779871401.3596342,
      "10.0.0.137:6379"
    ]
  ],
  "samples_last_5": [
    [
      "chaos:k995",
      "v995",
      1779871421.2924893,
      "10.0.0.137:6379"
    ],
    [
      "chaos:k996",
      "v996",
      1779871421.312556,
      "10.0.0.137:6379"
    ],
    [
      "chaos:k997",
      "v997",
      1779871421.332737,
      "10.0.0.137:6379"
    ],
    [
      "chaos:k998",
      "v998",
      1779871421.3528562,
      "10.0.0.137:6379"
    ],
    [
      "chaos:k999",
      "v999",
      1779871421.3729525,
      "10.0.0.137:6379"
    ]
  ]
}