{
  "schema": 1,
  "rate": 1000,
  "total_acked": 20000,
  "destinations": {
    "10.0.2.18:6379": 20000
  },
  "first_entry_t": 1779871526.060478,
  "last_entry_t": 1779871546.2799225,
  "duration_observed_s": 20.219444513320923,
  "samples_first_5": [
    [
      "chaos:k0",
      "v0",
      1779871526.060478,
      "10.0.2.18:6379"
    ],
    [
      "chaos:k1",
      "v1",
      1779871526.0604928,
      "10.0.2.18:6379"
    ],
    [
      "chaos:k2",
      "v2",
      1779871526.0605037,
      "10.0.2.18:6379"
    ],
    [
      "chaos:k3",
      "v3",
      1779871526.060513,
      "10.0.2.18:6379"
    ],
    [
      "chaos:k4",
      "v4",
      1779871526.060522,
      "10.0.2.18:6379"
    ]
  ],
  "samples_last_5": [
    [
      "chaos:k19995",
      "v19995",
      1779871546.2798865,
      "10.0.2.18:6379"
    ],
    [
      "chaos:k19996",
      "v19996",
      1779871546.2798955,
      "10.0.2.18:6379"
    ],
    [
      "chaos:k19997",
      "v19997",
      1779871546.279904,
      "10.0.2.18:6379"
    ],
    [
      "chaos:k19998",
      "v19998",
      1779871546.2799127,
      "10.0.2.18:6379"
    ],
    [
      "chaos:k19999",
      "v19999",
      1779871546.2799225,
      "10.0.2.18:6379"
    ]
  ]
}