{
  "schema": 1,
  "rate": 500,
  "total_acked": 10000,
  "destinations": {
    "10.0.2.18:6379": 10000
  },
  "first_entry_t": 1779871464.148149,
  "last_entry_t": 1779871484.2422078,
  "duration_observed_s": 20.094058752059937,
  "samples_first_5": [
    [
      "chaos:k0",
      "v0",
      1779871464.148149,
      "10.0.2.18:6379"
    ],
    [
      "chaos:k1",
      "v1",
      1779871464.14816,
      "10.0.2.18:6379"
    ],
    [
      "chaos:k2",
      "v2",
      1779871464.148169,
      "10.0.2.18:6379"
    ],
    [
      "chaos:k3",
      "v3",
      1779871464.1481776,
      "10.0.2.18:6379"
    ],
    [
      "chaos:k4",
      "v4",
      1779871464.1481864,
      "10.0.2.18:6379"
    ]
  ],
  "samples_last_5": [
    [
      "chaos:k9995",
      "v9995",
      1779871484.242173,
      "10.0.2.18:6379"
    ],
    [
      "chaos:k9996",
      "v9996",
      1779871484.2421823,
      "10.0.2.18:6379"
    ],
    [
      "chaos:k9997",
      "v9997",
      1779871484.2421906,
      "10.0.2.18:6379"
    ],
    [
      "chaos:k9998",
      "v9998",
      1779871484.2421987,
      "10.0.2.18:6379"
    ],
    [
      "chaos:k9999",
      "v9999",
      1779871484.2422078,
      "10.0.2.18:6379"
    ]
  ]
}