{
  "schema": 1,
  "rate": 2000,
  "total_acked": 40000,
  "destinations": {
    "10.0.2.18:6379": 40000
  },
  "first_entry_t": 1779871590.5286605,
  "last_entry_t": 1779871610.958724,
  "duration_observed_s": 20.430063486099243,
  "samples_first_5": [
    [
      "chaos:k0",
      "v0",
      1779871590.5286605,
      "10.0.2.18:6379"
    ],
    [
      "chaos:k1",
      "v1",
      1779871590.528671,
      "10.0.2.18:6379"
    ],
    [
      "chaos:k2",
      "v2",
      1779871590.5286798,
      "10.0.2.18:6379"
    ],
    [
      "chaos:k3",
      "v3",
      1779871590.5286887,
      "10.0.2.18:6379"
    ],
    [
      "chaos:k4",
      "v4",
      1779871590.5286973,
      "10.0.2.18:6379"
    ]
  ],
  "samples_last_5": [
    [
      "chaos:k39995",
      "v39995",
      1779871610.9586887,
      "10.0.2.18:6379"
    ],
    [
      "chaos:k39996",
      "v39996",
      1779871610.9586976,
      "10.0.2.18:6379"
    ],
    [
      "chaos:k39997",
      "v39997",
      1779871610.958706,
      "10.0.2.18:6379"
    ],
    [
      "chaos:k39998",
      "v39998",
      1779871610.9587147,
      "10.0.2.18:6379"
    ],
    [
      "chaos:k39999",
      "v39999",
      1779871610.958724,
      "10.0.2.18:6379"
    ]
  ]
}