{
  "schema": 1,
  "workload": "leaderboard",
  "started_at": 1779862365.8024619,
  "finished_at": 1779862375.829283,
  "target_host": "127.0.0.1",
  "target_port": 16379,
  "workers": 4,
  "players": [
    "p0000",
    "p0001",
    "p0002",
    "p0003",
    "p0004",
    "p0005",
    "p0006",
    "p0007",
    "p0008",
    "p0009",
    "p0010",
    "p0011",
    "p0012",
    "p0013",
    "p0014",
    "p0015",
    "p0016",
    "p0017",
    "p0018",
    "p0019",
    "p0020",
    "p0021",
    "p0022",
    "p0023",
    "p0024",
    "p0025",
    "p0026",
    "p0027",
    "p0028",
    "p0029",
    "p0030",
    "p0031",
    "p0032",
    "p0033",
    "p0034",
    "p0035",
    "p0036",
    "p0037",
    "p0038",
    "p0039",
    "p0040",
    "p0041",
    "p0042",
    "p0043",
    "p0044",
    "p0045",
    "p0046",
    "p0047",
    "p0048",
    "p0049"
  ],
  "leaderboard_key": "leaderboard",
  "expected_final_scores": {
    "p0037": 300776,
    "p0026": 305071,
    "p0046": 314795,
    "p0012": 307911,
    "p0029": 312130,
    "p0004": 311119,
    "p0040": 311832,
    "p0043": 314279,
    "p0019": 310820,
    "p0036": 312914,
    "p0023": 311861,
    "p0000": 309385,
    "p0013": 309344,
    "p0001": 313875,
    "p0048": 310376,
    "p0034": 308795,
    "p0045": 311554,
    "p0049": 319976,
    "p0006": 309436,
    "p0020": 316943,
    "p0038": 308035,
    "p0016": 304253,
    "p0044": 310521,
    "p0022": 311874,
    "p0003": 307805,
    "p0030": 312716,
    "p0018": 314318,
    "p0014": 304442,
    "p0002": 315558,
    "p0011": 306764,
    "p0032": 314559,
    "p0008": 309199,
    "p0021": 309674,
    "p0042": 313833,
    "p0041": 310581,
    "p0035": 310621,
    "p0010": 314109,
    "p0039": 305924,
    "p0009": 313408,
    "p0005": 302265,
    "p0015": 308952,
    "p0007": 314838,
    "p0028": 314034,
    "p0027": 305508,
    "p0017": 310616,
    "p0025": 306868,
    "p0024": 312564,
    "p0031": 313430,
    "p0047": 304475,
    "p0033": 304221
  },
  "events_summary": {
    "total": 307161,
    "duration_s": 10.03
  },
  "events_sample_first_5": [
    {
      "t": 636977.847069791,
      "worker": 2,
      "player": "p0037",
      "delta": 1,
      "new_score": 1,
      "latency_ms": 0.6689999718219042
    },
    {
      "t": 636977.84709275,
      "worker": 3,
      "player": "p0026",
      "delta": 93,
      "new_score": 93,
      "latency_ms": 0.6594170117750764
    },
    {
      "t": 636977.847108083,
      "worker": 1,
      "player": "p0046",
      "delta": 35,
      "new_score": 35,
      "latency_ms": 0.7692499784752727
    },
    {
      "t": 636977.847133625,
      "worker": 0,
      "player": "p0012",
      "delta": 4,
      "new_score": 4,
      "latency_ms": 0.8397919591516256
    },
    {
      "t": 636977.847252541,
      "worker": 3,
      "player": "p0029",
      "delta": 1,
      "new_score": 1,
      "latency_ms": 0.15254097525030375
    }
  ],
  "events_sample_last_5": [
    {
      "t": 636987.856410041,
      "worker": 1,
      "player": "p0005",
      "delta": 81,
      "new_score": 302265,
      "latency_ms": 0.13574992772191763
    },
    {
      "t": 636987.856467208,
      "worker": 2,
      "player": "p0038",
      "delta": 10,
      "new_score": 308035,
      "latency_ms": 0.11449994053691626
    },
    {
      "t": 636987.856508416,
      "worker": 3,
      "player": "p0030",
      "delta": 8,
      "new_score": 312716,
      "latency_ms": 0.16974995378404856
    },
    {
      "t": 636987.856556083,
      "worker": 1,
      "player": "p0037",
      "delta": 11,
      "new_score": 300776,
      "latency_ms": 0.14308409299701452
    },
    {
      "t": 636987.856627791,
      "worker": 0,
      "player": "p0008",
      "delta": 73,
      "new_score": 309199,
      "latency_ms": 0.22379099391400814
    }
  ]
}